patch_name,correctness,prediction
Chart_5_Nopol_patch_14587_1.diff,overfitting,overfitting
Lang_55_dynamoth_patch_135412_1.diff,correct,correct
Math_30_TBar_Patch_2559594_147_cp69.diff,overfitting,correct
Chart_26_jKali_patch_325000_270.diff,overfitting,overfitting
Math_58_Nopol_patch_110446_1.diff,overfitting,overfitting
Math_82_TBar_Patch_12670531_2417_cp1104.diff,overfitting,overfitting
Closure_57_SimFix_patch_1154756_3.diff,overfitting,correct
Math_50_TBar_Patch_431204_20_cp14.diff,overfitting,correct
Chart_1_TBar_Patch_21112558_2726_cp1171.diff,overfitting,overfitting
Math_50_kPAR_Patch_319574_5_cp5.diff,overfitting,overfitting
Lang_58_kPAR_Patch_968841_140_cp84.diff,overfitting,correct
Lang_58_kPAR_Patch_2769121_328_cp248.diff,overfitting,correct
Math_85_TBar_Patch_9025191_951_cp711.diff,overfitting,overfitting
Closure_46_Avatar_Patch_571679_15.diff,correct,correct
Math_84_kPAR_Patch_347437_73_cp31.diff,overfitting,overfitting
Math_33_Avatar_Patch_19656960_971.diff,overfitting,overfitting
Chart_25_dynamoth_patch_24939_4.diff,overfitting,correct
Time_7_TBar_Patch_13432881_2274_cp497.diff,correct,overfitting
Lang_43_jGenProg_patch_76000_32.diff,overfitting,correct
Chart_25_Avatar_Patch_90948_20.diff,overfitting,correct
Closure_62_dynamoth_patch_48155_1.diff,overfitting,correct
Math_28_dynamoth_patch_466005_1.diff,overfitting,overfitting
Math_80_TBar_Patch_9247796_847_cp572.diff,overfitting,correct
Math_28_FixMiner_Patch_12408681_105.diff,overfitting,overfitting
Math_80_TBar_Patch_9012095_820_cp545.diff,overfitting,correct
Chart_7_kPAR_Patch_2800171_379_cp193.diff,overfitting,overfitting
Math_58_dynamoth_patch_97060_4.diff,overfitting,overfitting
Math_58_dynamoth_patch_132005_14.diff,overfitting,overfitting
Math_50_jGenProg_patch_229000_72.diff,overfitting,overfitting
Lang_59_jGenProg_patch_278000_2236.diff,overfitting,overfitting
Chart_26_TBar_Patch_15351883_3568_cp1315.diff,overfitting,correct
Math_33_Avatar_Patch_21520957_1071.diff,overfitting,overfitting
Math_50_kPAR_Patch_2312647_85_cp64.diff,overfitting,correct
Math_33_Avatar_Patch_18487889_934.diff,overfitting,overfitting
Math_30_TBar_Patch_1978181_117_cp53.diff,overfitting,correct
Closure_62_Avatar_Patch_761284_10.diff,overfitting,correct
Math_50_kPAR_Patch_7475584_334_cp217.diff,overfitting,correct
Math_50_jGenProg_patch_5051000_1518.diff,overfitting,correct
Math_33_kPAR_Patch_568058_71_cp4.diff,overfitting,overfitting
Math_33_Avatar_Patch_19143075_957.diff,overfitting,overfitting
Math_85_TBar_Patch_10005808_1072_cp832.diff,overfitting,overfitting
Math_50_jGenProg_patch_989000_276.diff,overfitting,correct
Math_80_TBar_Patch_10481015_1065_cp706.diff,correct,correct
Math_50_kPAR_Patch_1509052_56_cp40.diff,overfitting,overfitting
Math_30_TBar_Patch_2194123_123_cp59.diff,overfitting,correct
Math_33_Avatar_Patch_18966020_945.diff,overfitting,overfitting
Math_79_TBar_Patch_1076374_285_cp126.diff,overfitting,overfitting
Math_33_Avatar_Patch_20183856_987.diff,overfitting,overfitting
Math_11_TBar_Patch_5620098_179_cp86.diff,correct,correct
Math_79_TBar_Patch_1068439_284_cp125.diff,overfitting,overfitting
Math_85_TBar_Patch_9302094_986_cp746.diff,overfitting,overfitting
Math_33_Avatar_Patch_18704399_939.diff,overfitting,overfitting
Math_50_Nopol_patch_319666_3.diff,overfitting,overfitting
Lang_51_TBar_Patch_3684579_439_cp345.diff,overfitting,correct
Math_69_Nopol_patch_16126_3.diff,overfitting,overfitting
Math_57_SimFix_patch_233452_1.diff,correct,correct
Chart_1_dynamoth_patch_123972_3.diff,overfitting,overfitting
Closure_57_SimFix_patch_217939_1.diff,correct,correct
Math_33_dynamoth_patch_252126_3.diff,overfitting,correct
Chart_9_Nopol_patch_23206_10.diff,overfitting,correct
Math_33_dynamoth_patch_252136_6.diff,overfitting,correct
Math_33_Avatar_Patch_19441356_966.diff,overfitting,overfitting
Chart_7_TBar_Patch_6550157_816_cp579.diff,overfitting,overfitting
Math_49_Nopol_patch_113660_2.diff,overfitting,correct
Math_85_TBar_Patch_9834491_1052_cp812.diff,overfitting,overfitting
Math_85_TBar_Patch_9881052_1058_cp818.diff,overfitting,overfitting
Math_50_kPAR_Patch_1610258_59_cp43.diff,overfitting,overfitting
Math_15_TBar_Patch_4576042_106_cp99.diff,overfitting,correct
Lang_55_dynamoth_patch_135421_5.diff,overfitting,correct
Math_33_SimFix_patch_834502_2.diff,correct,correct
Closure_129_jKali_patch_3000_4.diff,overfitting,correct
Math_50_kPAR_Patch_5009316_166_cp145.diff,overfitting,correct
Lang_55_Nopol_patch_84450_1.diff,overfitting,correct
Math_33_kPAR_Patch_429473_54_cp1.diff,overfitting,correct
Chart_9_Nopol_patch_19460_8.diff,overfitting,correct
Math_82_TBar_Patch_13532544_2531_cp1209.diff,correct,overfitting
Lang_59_jGenProg_patch_1295686_9634.diff,overfitting,overfitting
Math_33_Avatar_Patch_21301754_1066.diff,overfitting,overfitting
Chart_1_kPAR_Patch_5202641_833_cp285.diff,correct,overfitting
Math_80_TBar_Patch_8773312_758_cp520.diff,overfitting,correct
Math_50_kPAR_Patch_1642446_60_cp44.diff,overfitting,overfitting
Math_62_kPAR_Patch_1851733_178_cp93.diff,overfitting,correct
Chart_13_FixMiner_Patch_5311251_654.diff,overfitting,correct
Math_85_TBar_Patch_10246200_1101_cp861.diff,overfitting,overfitting
Math_50_Avatar_Patch_240348_7.diff,overfitting,correct
Math_53_SimFix_patch_41203_1.diff,correct,correct
Lang_44_TBar_Patch_847882_182_cp72.diff,overfitting,correct
Math_85_FixMiner_Patch_26879305_367.diff,correct,overfitting
Chart_1_jMutRepair_patch_18000_39.diff,correct,overfitting
Math_85_jGenProg_patch_6685000_8208.diff,overfitting,overfitting
Chart_5_jKali_patch_2000_9.diff,overfitting,overfitting
Lang_58_Avatar_Patch_627259_133.diff,overfitting,correct
Math_80_jGenProg_patch_962000_1672.diff,overfitting,correct
Math_50_Avatar_Patch_105394_2.diff,overfitting,correct
Chart_7_kPAR_Patch_3801620_507_cp263.diff,overfitting,overfitting
Math_50_Avatar_Patch_172358_5.diff,overfitting,overfitting
Chart_7_TBar_Patch_8902671_1090_cp792.diff,overfitting,overfitting
Math_50_kPAR_Patch_3544882_122_cp101.diff,correct,correct
Math_33_Avatar_Patch_19399100_965.diff,overfitting,overfitting
Chart_1_jMutRepair_patch_10000_34.diff,correct,overfitting
Chart_1_TBar_Patch_21231800_2735_cp1178.diff,overfitting,overfitting
Math_85_SimFix_patch_359541_1.diff,overfitting,overfitting
Chart_15_TBar_Patch_1501916_247_cp127.diff,overfitting,overfitting
Math_80_Avatar_Patch_2221332_1046.diff,overfitting,correct
Math_11_TBar_Patch_5683418_180_cp87.diff,correct,correct
Mockito_38_TBar_Patch_181808_28_cp9.diff,correct,correct
Lang_58_kPAR_Patch_1891979_240_cp168.diff,overfitting,correct
Math_50_kPAR_Patch_3047938_107_cp86.diff,overfitting,correct
Chart_7_TBar_Patch_6595602_823_cp583.diff,overfitting,overfitting
Math_28_jGenProg_patch_176000_76.diff,overfitting,overfitting
Math_33_Avatar_Patch_18835651_942.diff,overfitting,overfitting
Lang_58_TBar_Patch_1557203_304_cp151.diff,overfitting,correct
Chart_4_TBar_Patch_12840684_2083_cp985.diff,overfitting,correct
Closure_62_jKali_patch_4000_11.diff,overfitting,correct
Math_33_Avatar_Patch_17963739_914.diff,overfitting,overfitting
Math_33_kPAR_Patch_611560_72_cp5.diff,overfitting,overfitting
Chart_4_TBar_Patch_12801465_2078_cp982.diff,correct,correct
Lang_10_Avatar_Patch_16831934_2478.diff,correct,correct
Lang_55_dynamoth_patch_135423_7.diff,overfitting,correct
Math_85_TBar_Patch_9443980_1004_cp764.diff,overfitting,overfitting
Math_58_Nopol_patch_112102_2.diff,overfitting,overfitting
Chart_4_TBar_Patch_12852974_2084_cp986.diff,correct,correct
Chart_7_kPAR_Patch_2701925_369_cp186.diff,overfitting,overfitting
Math_33_Avatar_Patch_17088073_893.diff,overfitting,overfitting
Closure_62_TBar_Patch_877921_15_cp15.diff,overfitting,correct
Chart_1_TBar_Patch_21045539_2722_cp1167.diff,correct,overfitting
Math_80_TBar_Patch_9168378_838_cp563.diff,overfitting,correct
Math_33_kPAR_Patch_3877353_191_cp81.diff,overfitting,overfitting
Math_81_jGenProg_patch_2963000_2210.diff,overfitting,correct
Closure_115_SimFix_patch_123565_1.diff,overfitting,overfitting
Time_7_Nopol_patch_562963_4.diff,overfitting,overfitting
Math_50_TBar_Patch_345606_17_cp11.diff,overfitting,correct
Math_50_kPAR_Patch_4415206_148_cp127.diff,overfitting,correct
Math_33_kPAR_Patch_1087584_83_cp16.diff,overfitting,overfitting
Math_85_TBar_Patch_10214092_1097_cp857.diff,overfitting,overfitting
Math_80_TBar_Patch_9956901_964_cp650.diff,overfitting,correct
Lang_58_Avatar_Patch_675649_138.diff,overfitting,correct
Lang_10_TBar_Patch_26388257_2834_cp1207.diff,overfitting,correct
Closure_126_Nopol_patch_74782_3.diff,overfitting,overfitting
Lang_58_SimFix_patch_16215_1.diff,correct,correct
Math_80_jGenProg_patch_696000_1212.diff,overfitting,correct
Closure_126_jKali_patch_77000_23.diff,correct,overfitting
Math_70_SimFix_patch_45841_2.diff,overfitting,correct
Chart_25_jGenProg_patch_36000_80.diff,overfitting,correct
Math_85_Nopol_patch_18172_1.diff,overfitting,overfitting
Math_50_kPAR_Patch_2850190_101_cp80.diff,overfitting,correct
Chart_7_Avatar_Patch_3878544_662.diff,overfitting,overfitting
Lang_43_SimFix_patch_1529136_2.diff,correct,correct
Lang_58_TBar_Patch_1243363_272_cp119.diff,overfitting,correct
Math_59_Avatar_Patch_301850_15.diff,correct,correct
Math_33_dynamoth_patch_4236226_16.diff,overfitting,correct
Chart_5_dynamoth_patch_19277_1.diff,overfitting,overfitting
Math_73_jGenProg_patch_84000_968.diff,overfitting,correct
Math_84_jMutRepair_patch_19000_12.diff,overfitting,overfitting
Math_85_TBar_Patch_9349697_992_cp752.diff,overfitting,overfitting
Math_82_TBar_Patch_12703209_2421_cp1108.diff,overfitting,overfitting
Chart_26_TBar_Patch_16829647_3890_cp1444.diff,overfitting,correct
Math_50_kPAR_Patch_8468200_364_cp247.diff,overfitting,correct
Math_81_jGenProg_patch_5713000_3442.diff,overfitting,correct
Lang_51_dynamoth_patch_15045_2.diff,overfitting,correct
Math_70_SimFix_patch_21251_1.diff,correct,correct
Lang_58_Avatar_Patch_665945_137.diff,overfitting,correct
Chart_1_dynamoth_patch_120645_1.diff,overfitting,overfitting
Closure_126_TBar_Patch_143129_3_cp1.diff,overfitting,overfitting
Math_82_TBar_Patch_12903424_2445_cp1132.diff,overfitting,overfitting
Math_58_dynamoth_patch_97053_1.diff,overfitting,overfitting
Math_33_Avatar_Patch_18357668_931.diff,overfitting,overfitting
Math_28_FixMiner_Patch_22565409_682.diff,overfitting,overfitting
Chart_13_TBar_Patch_6731471_904_cp457.diff,overfitting,correct
Math_80_TBar_Patch_9975686_966_cp652.diff,overfitting,correct
Math_88_kPAR_Patch_526592_155_cp50.diff,overfitting,overfitting
Closure_62_SimFix_patch_3253994_1.diff,correct,correct
Math_33_Avatar_Patch_19570701_969.diff,overfitting,overfitting
Math_50_kPAR_Patch_252922_3_cp3.diff,overfitting,overfitting
Math_50_jMutRepair_patch_0_4.diff,overfitting,overfitting
Lang_59_jGenProg_patch_1220081_9102.diff,overfitting,overfitting
Math_73_SimFix_patch_367554_1.diff,overfitting,correct
Math_62_TBar_Patch_1119328_134_cp68.diff,overfitting,correct
Closure_14_SimFix_patch_2072013_1.diff,correct,overfitting
Time_7_Nopol_patch_153904_2.diff,overfitting,overfitting
Math_80_TBar_Patch_10199466_1007_cp676.diff,overfitting,correct
Math_33_dynamoth_patch_4236212_12.diff,overfitting,correct
Lang_43_TBar_Patch_4153384_151_cp79.diff,overfitting,correct
Lang_58_TBar_Patch_1576486_306_cp153.diff,overfitting,correct
Math_50_kPAR_Patch_2680735_96_cp75.diff,correct,correct
Math_5_TBar_Patch_4138058_63_cp58.diff,correct,correct
Math_80_jGenProg_patch_1117000_1830.diff,overfitting,correct
Chart_1_Avatar_Patch_11273094_1566.diff,correct,overfitting
Lang_58_kPAR_Patch_1989931_249_cp177.diff,overfitting,correct
Closure_57_SimFix_patch_1527551_4.diff,correct,correct
Chart_1_TBar_Patch_21180800_2731_cp1175.diff,overfitting,overfitting
Math_58_TBar_Patch_1156375_100_cp56.diff,correct,overfitting
Math_50_Nopol_patch_4357682_4.diff,overfitting,correct
Chart_9_TBar_Patch_381028_88_cp31.diff,correct,correct
Math_33_Avatar_Patch_18094623_917.diff,overfitting,overfitting
Math_95_TBar_Patch_45130_10_cp4.diff,overfitting,correct
Math_80_TBar_Patch_10235325_1011_cp680.diff,overfitting,correct
Chart_9_Nopol_patch_18342_7.diff,overfitting,correct
Math_50_kPAR_Patch_2782940_99_cp78.diff,correct,correct
Closure_126_jKali_patch_23000_5.diff,overfitting,overfitting
Math_33_Avatar_Patch_18575445_936.diff,overfitting,overfitting
Math_33_Avatar_Patch_19313313_963.diff,overfitting,overfitting
Closure_46_jGenProg_patch_4568000_10558.diff,overfitting,correct
Math_50_SimFix_patch_703337_5.diff,overfitting,correct
Math_85_TBar_Patch_9956436_1066_cp826.diff,overfitting,overfitting
Math_28_FixMiner_Patch_14495712_174.diff,overfitting,overfitting
Closure_46_jKali_patch_135000_216.diff,overfitting,correct
Lang_55_dynamoth_patch_135422_6.diff,correct,correct
Chart_7_Avatar_Patch_4004534_698.diff,overfitting,overfitting
Math_85_FixMiner_Patch_26947782_376.diff,overfitting,overfitting
Closure_62_Avatar_Patch_1915964_43.diff,overfitting,correct
Math_8_SimFix_patch_200772_1.diff,overfitting,overfitting
Math_85_TBar_Patch_9554020_1018_cp778.diff,overfitting,overfitting
Chart_1_jGenProg_patch_2065000_7748.diff,overfitting,overfitting
Math_30_FixMiner_Patch_583143_112.diff,overfitting,correct
Math_85_TBar_Patch_9939835_1064_cp824.diff,overfitting,overfitting
Lang_59_jGenProg_patch_1047811_7828.diff,overfitting,overfitting
Lang_44_TBar_Patch_386167_140_cp30.diff,overfitting,correct
Chart_4_FixMiner_Patch_6041512_1612.diff,correct,correct
Math_85_TBar_Patch_9207472_974_cp734.diff,overfitting,overfitting
Chart_7_kPAR_Patch_2729664_371_cp188.diff,overfitting,overfitting
Closure_126_jKali_patch_65000_22.diff,overfitting,overfitting
Chart_24_FixMiner_Patch_83379_29.diff,correct,overfitting
Lang_59_jGenProg_patch_585261_4438.diff,overfitting,overfitting
Math_33_Avatar_Patch_21608229_1073.diff,overfitting,overfitting
Math_80_TBar_Patch_9920077_960_cp646.diff,overfitting,correct
Math_50_kPAR_Patch_2884244_102_cp81.diff,overfitting,correct
Lang_33_TBar_Patch_299663_49_cp30.diff,overfitting,correct
Closure_73_Avatar_Patch_2395147_180.diff,correct,correct
Closure_10_jMutRepair_patch_468000_294.diff,overfitting,correct
Lang_51_jMutRepair_patch_19196_47.diff,overfitting,correct
Lang_57_FixMiner_Patch_84093_17.diff,overfitting,overfitting
Math_28_jGenProg_patch_5687000_1364.diff,overfitting,overfitting
Math_33_Avatar_Patch_19613718_970.diff,overfitting,overfitting
Math_28_TBar_Patch_18723844_558_cp426.diff,overfitting,overfitting
Math_85_TBar_Patch_9365311_994_cp754.diff,overfitting,overfitting
Math_33_dynamoth_patch_4236222_15.diff,overfitting,correct
Math_101_dynamoth_patch_20271_1.diff,overfitting,correct
Math_80_Nopol_patch_19272_2.diff,overfitting,correct
Chart_13_Nopol_patch_38818_4.diff,overfitting,correct
Math_33_Avatar_Patch_17658076_907.diff,overfitting,overfitting
Closure_21_Nopol_patch_91606_1.diff,overfitting,overfitting
Math_33_dynamoth_patch_4236218_14.diff,overfitting,correct
Math_8_jGenProg_patch_4495000_3540.diff,overfitting,overfitting
Lang_51_dynamoth_patch_14511_1.diff,overfitting,correct
Math_33_kPAR_Patch_698193_74_cp7.diff,overfitting,overfitting
Time_7_Nopol_patch_558759_3.diff,overfitting,overfitting
Closure_126_TBar_Patch_223242_7_cp2.diff,overfitting,overfitting
Math_81_Nopol_patch_19439_1.diff,overfitting,correct
Math_33_Avatar_Patch_18400005_932.diff,overfitting,overfitting
Lang_59_jGenProg_patch_554857_4312.diff,overfitting,overfitting
Closure_46_jGenProg_patch_8789000_17918.diff,correct,correct
Math_85_TBar_Patch_9460482_1006_cp766.diff,overfitting,overfitting
Lang_59_jGenProg_patch_633035_4780.diff,overfitting,overfitting
Lang_45_TBar_Patch_3250052_325_cp293.diff,overfitting,correct
Math_33_Avatar_Patch_18791914_941.diff,overfitting,overfitting
Math_81_jGenProg_patch_5180000_3168.diff,overfitting,correct
Lang_58_Avatar_Patch_685358_139.diff,overfitting,correct
Math_33_Avatar_Patch_18137881_918.diff,overfitting,overfitting
Math_82_jMutRepair_patch_15000_45.diff,overfitting,overfitting
Math_85_TBar_Patch_10258671_1113_cp862.diff,overfitting,overfitting
Chart_7_SimFix_patch_1449223_3.diff,overfitting,overfitting
Lang_58_kPAR_Patch_771272_118_cp66.diff,overfitting,correct
Math_85_TBar_Patch_9254652_980_cp740.diff,overfitting,overfitting
Math_85_TBar_Patch_18773_3_cp1.diff,overfitting,overfitting
Math_50_kPAR_Patch_451952_9_cp9.diff,overfitting,correct
Lang_10_Avatar_Patch_2818599_1236.diff,overfitting,correct
Math_50_jGenProg_patch_541000_210.diff,overfitting,correct
Chart_15_FixMiner_Patch_445705_186.diff,overfitting,correct
Math_50_kPAR_Patch_2715069_97_cp76.diff,correct,correct
Math_8_TBar_Patch_442274_12_cp5.diff,overfitting,overfitting
Mockito_38_TBar_Patch_211019_30_cp11.diff,correct,correct
Closure_46_jKali_patch_97000_207.diff,overfitting,correct
Lang_63_kPAR_Patch_35024_1_cp1.diff,overfitting,correct
Chart_7_SimFix_patch_1414670_1.diff,correct,overfitting
Math_105_Nopol_patch_17814_2.diff,overfitting,correct
Math_33_kPAR_Patch_4650003_274_cp98.diff,overfitting,overfitting
Chart_1_Avatar_Patch_11538576_1580.diff,overfitting,overfitting
Time_7_SimFix_patch_878305_1.diff,correct,overfitting
Math_85_TBar_Patch_9491709_1010_cp770.diff,overfitting,overfitting
Math_50_kPAR_Patch_4547903_152_cp131.diff,overfitting,correct
Math_85_TBar_Patch_9679675_1034_cp794.diff,overfitting,overfitting
Closure_62_SimFix_patch_4083698_4.diff,correct,correct
Lang_58_TBar_Patch_1566872_305_cp152.diff,overfitting,correct
Math_85_jMutRepair_patch_92000_102.diff,correct,overfitting
Lang_59_jGenProg_patch_737040_5566.diff,overfitting,overfitting
Math_80_jKali_patch_32000_44.diff,overfitting,correct
Lang_59_jGenProg_patch_72000_452.diff,overfitting,overfitting
Math_82_jGenProg_patch_870000_4332.diff,overfitting,overfitting
Chart_7_Avatar_Patch_3850336_660.diff,overfitting,overfitting
Lang_10_TBar_Patch_15315682_2027_cp731.diff,correct,correct
Math_41_Nopol_patch_216727_1.diff,overfitting,correct
Math_85_TBar_Patch_9112675_962_cp722.diff,overfitting,overfitting
Mockito_38_Avatar_Patch_89137_10.diff,correct,correct
Math_2_dynamoth_patch_2724223_1.diff,overfitting,correct
Lang_58_TBar_Patch_1223833_270_cp117.diff,overfitting,correct
Math_80_jKali_patch_432000_557.diff,overfitting,correct
Math_33_Avatar_Patch_18314585_930.diff,overfitting,overfitting
Chart_1_TBar_Patch_21164307_2730_cp1174.diff,overfitting,overfitting
Chart_1_SimFix_patch_1626021_2.diff,correct,overfitting
Math_50_SimFix_patch_1472629_6.diff,overfitting,correct
Math_50_kPAR_Patch_418558_8_cp8.diff,overfitting,correct
Chart_12_SimFix_patch_78615_1.diff,overfitting,correct
Math_50_kPAR_Patch_3610486_124_cp103.diff,correct,correct
Math_50_SimFix_patch_50365_1.diff,overfitting,correct
Chart_25_TBar_Patch_121343_58_cp8.diff,overfitting,correct
Math_28_FixMiner_Patch_21969962_663.diff,overfitting,overfitting
Lang_58_kPAR_Patch_2266624_282_cp202.diff,overfitting,correct
Lang_51_Nopol_patch_19291_2.diff,overfitting,correct
Math_33_dynamoth_patch_252144_9.diff,overfitting,correct
Lang_57_FixMiner_Patch_59732_11.diff,correct,overfitting
Math_5_TBar_Patch_4069754_62_cp57.diff,correct,correct
Math_85_TBar_Patch_9073149_957_cp717.diff,correct,overfitting
Math_95_TBar_Patch_206408_49_cp25.diff,overfitting,overfitting
Closure_2_TBar_Patch_4310468_112_cp55.diff,overfitting,correct
Lang_33_TBar_Patch_280845_47_cp28.diff,correct,correct
Math_2_Nopol_patch_245534_2.diff,overfitting,correct
Chart_1_dynamoth_patch_122498_2.diff,overfitting,overfitting
Math_80_TBar_Patch_9020748_821_cp546.diff,overfitting,correct
Chart_1_SimFix_patch_1723804_3.diff,correct,overfitting
Math_28_jGenProg_patch_1414000_432.diff,overfitting,overfitting
Math_30_TBar_Patch_1906900_115_cp51.diff,overfitting,correct
Closure_2_TBar_Patch_4235403_111_cp54.diff,overfitting,correct
Math_33_Avatar_Patch_19528419_968.diff,overfitting,overfitting
Math_85_TBar_Patch_9584929_1022_cp782.diff,overfitting,overfitting
Closure_46_dynamoth_patch_649139_1.diff,overfitting,correct
Math_85_TBar_Patch_9175723_970_cp730.diff,overfitting,overfitting
Math_50_kPAR_Patch_896756_28_cp22.diff,overfitting,overfitting
Math_33_Avatar_Patch_19184115_958.diff,overfitting,overfitting
Chart_15_jKali_patch_2990000_1202.diff,overfitting,overfitting
Chart_7_Avatar_Patch_86434_9.diff,overfitting,overfitting
Math_80_TBar_Patch_9090000_829_cp554.diff,overfitting,correct
Chart_7_TBar_Patch_105993_8_cp8.diff,overfitting,overfitting
Math_49_jKali_patch_12000_48.diff,overfitting,correct
Chart_25_jGenProg_patch_2294000_4820.diff,overfitting,correct
Math_33_Avatar_Patch_19094664_948.diff,overfitting,overfitting
Math_33_Avatar_Patch_18229397_927.diff,overfitting,overfitting
Chart_1_Avatar_Patch_11428230_1575.diff,overfitting,overfitting
Closure_73_SimFix_patch_73123_1.diff,correct,correct
Math_30_TBar_Patch_2523494_146_cp68.diff,correct,correct
Lang_59_jGenProg_patch_1431676_10624.diff,overfitting,overfitting
Math_82_TBar_Patch_13885865_2578_cp1252.diff,overfitting,overfitting
Chart_24_Avatar_Patch_40361_27.diff,correct,overfitting
Lang_58_kPAR_Patch_1793658_231_cp159.diff,overfitting,correct
Math_81_Nopol_patch_26599_3.diff,overfitting,correct
Math_58_dynamoth_patch_97063_5.diff,overfitting,overfitting
Math_33_kPAR_Patch_655232_73_cp6.diff,overfitting,overfitting
Closure_21_TBar_Patch_11078322_202_cp181.diff,overfitting,overfitting
Math_33_Avatar_Patch_17701919_908.diff,overfitting,overfitting
Math_50_TBar_Patch_204334_12_cp6.diff,overfitting,correct
Math_33_Avatar_Patch_17920021_913.diff,overfitting,overfitting
Math_33_Avatar_Patch_18007210_915.diff,overfitting,overfitting
Math_30_TBar_Patch_2230742_124_cp60.diff,overfitting,correct
Closure_126_Avatar_Patch_253348_2.diff,overfitting,overfitting
Math_5_SimFix_patch_99356_1.diff,correct,correct
Math_50_kPAR_Patch_7940686_348_cp231.diff,overfitting,correct
Lang_59_jGenProg_patch_34000_156.diff,overfitting,overfitting
Math_80_jKali_patch_83000_52.diff,overfitting,correct
Math_80_jKali_patch_450000_560.diff,overfitting,correct
Lang_58_TBar_Patch_1547580_303_cp150.diff,overfitting,correct
Chart_9_Nopol_patch_14651_2.diff,overfitting,correct
Math_33_Avatar_Patch_21564439_1072.diff,overfitting,overfitting
Math_50_kPAR_Patch_3344204_116_cp95.diff,correct,correct
Chart_7_TBar_Patch_8866969_1087_cp789.diff,overfitting,overfitting
Math_59_SimFix_patch_64680_1.diff,correct,correct
Math_33_dynamoth_patch_4236237_20.diff,overfitting,correct
Math_30_TBar_Patch_2595482_148_cp70.diff,correct,correct
Lang_59_jGenProg_patch_467770_3668.diff,overfitting,overfitting
Math_50_jGenProg_patch_1369000_388.diff,overfitting,overfitting
Math_80_jKali_patch_47000_46.diff,overfitting,correct
Chart_18_SimFix_patch_73162_1.diff,overfitting,correct
Math_80_jKali_patch_459000_561.diff,overfitting,correct
Math_50_kPAR_Patch_929846_29_cp23.diff,overfitting,overfitting
Math_70_TBar_Patch_255338_28_cp28.diff,correct,correct
Lang_57_FixMiner_Patch_70852_12.diff,correct,overfitting
Math_28_jMutRepair_patch_0_2.diff,overfitting,overfitting
Math_50_TBar_Patch_317345_16_cp10.diff,overfitting,overfitting
Math_53_jGenProg_patch_284000_1502.diff,overfitting,correct
Math_50_Avatar_Patch_206894_6.diff,overfitting,overfitting
Math_33_Avatar_Patch_17569856_905.diff,overfitting,overfitting
Closure_62_Avatar_Patch_830416_11.diff,overfitting,correct
Lang_57_Avatar_Patch_94070_11.diff,overfitting,overfitting
Time_11_TBar_Patch_356943_60_cp22.diff,overfitting,correct
Chart_1_TBar_Patch_21215131_2734_cp1177.diff,overfitting,overfitting
Math_85_jMutRepair_patch_84000_100.diff,overfitting,overfitting
Math_82_TBar_Patch_13983985_2590_cp1264.diff,overfitting,overfitting
Math_33_Avatar_Patch_17877320_912.diff,overfitting,overfitting
Chart_7_Avatar_Patch_3836423_659.diff,overfitting,overfitting
Lang_58_kPAR_Patch_760399_117_cp65.diff,overfitting,correct
Math_33_Nopol_patch_271830_2.diff,overfitting,correct
Math_33_SimFix_patch_1210647_3.diff,correct,correct
Math_64_jGenProg_patch_26207000_39592.diff,overfitting,overfitting
Chart_7_SimFix_patch_1432931_2.diff,overfitting,overfitting
Chart_20_SimFix_patch_48210_1.diff,correct,correct
Closure_126_jKali_patch_0_2.diff,overfitting,overfitting
Chart_4_TBar_Patch_12826885_2080_cp984.diff,correct,overfitting
Math_32_dynamoth_patch_258165_1.diff,overfitting,overfitting
Math_33_Avatar_Patch_20139818_986.diff,overfitting,overfitting
Math_50_jGenProg_patch_4821000_1444.diff,overfitting,correct
Lang_59_jGenProg_patch_929890_6932.diff,overfitting,overfitting
Chart_7_TBar_Patch_81372_6_cp6.diff,overfitting,overfitting
Math_82_jMutRepair_patch_9000_37.diff,correct,overfitting
Chart_11_FixMiner_Patch_2022695_348.diff,correct,correct
Math_50_kPAR_Patch_1439097_50_cp38.diff,overfitting,correct
Math_80_jGenProg_patch_5647000_4846.diff,overfitting,correct
Lang_59_jGenProg_patch_1421752_10608.diff,overfitting,overfitting
Lang_55_jKali_patch_103137_21.diff,overfitting,correct
Math_33_kPAR_Patch_4507775_245_cp95.diff,overfitting,overfitting
Closure_62_Avatar_Patch_136255_1.diff,correct,correct
Math_71_dynamoth_patch_414468_3.diff,overfitting,correct
Math_33_Avatar_Patch_20592342_1026.diff,overfitting,overfitting
Math_33_Avatar_Patch_17174791_895.diff,overfitting,overfitting
Math_57_jMutRepair_patch_131000_23.diff,overfitting,overfitting
Math_11_TBar_Patch_5556207_178_cp85.diff,correct,correct
Lang_58_kPAR_Patch_2375493_292_cp212.diff,overfitting,correct
Math_50_Nopol_patch_4588945_5.diff,overfitting,overfitting
Chart_1_Avatar_Patch_11384545_1573.diff,overfitting,overfitting
Math_33_Avatar_Patch_19357588_964.diff,overfitting,overfitting
Math_28_FixMiner_Patch_18410173_393.diff,overfitting,overfitting
Math_75_TBar_Patch_95496_20_cp10.diff,correct,correct
Time_7_Avatar_Patch_8852445_1134.diff,correct,overfitting
Math_80_jKali_patch_24000_43.diff,overfitting,correct
Chart_7_TBar_Patch_8782809_1062_cp782.diff,overfitting,overfitting
Lang_57_Avatar_Patch_23805_2.diff,correct,overfitting
Chart_11_Avatar_Patch_4534073_355.diff,correct,correct
Mockito_29_Avatar_Patch_600940_73.diff,correct,correct
Math_63_SimFix_patch_65502_1.diff,overfitting,correct
Lang_59_jGenProg_patch_1089407_8148.diff,overfitting,overfitting
Math_33_Nopol_patch_276314_4.diff,overfitting,correct
Math_58_dynamoth_patch_97058_3.diff,overfitting,overfitting
Math_82_jGenProg_patch_5387000_14652.diff,overfitting,overfitting
Math_85_TBar_Patch_9973219_1068_cp828.diff,overfitting,overfitting
Lang_59_kPAR_Patch_426619_54_cp36.diff,overfitting,overfitting
Math_33_dynamoth_patch_252138_7.diff,overfitting,correct
Math_33_Nopol_patch_275076_3.diff,overfitting,correct
Closure_62_SimFix_patch_3772850_3.diff,overfitting,correct
Math_50_jGenProg_patch_2437000_686.diff,overfitting,correct
Lang_59_jGenProg_patch_432459_3432.diff,overfitting,overfitting
Math_85_TBar_Patch_9754867_1042_cp802.diff,overfitting,overfitting
Closure_126_Nopol_patch_72894_2.diff,overfitting,overfitting
Math_81_kPAR_Patch_1222127_287_cp106.diff,overfitting,correct
Math_85_TBar_Patch_10159335_1090_cp850.diff,overfitting,overfitting
Math_33_Avatar_Patch_17745736_909.diff,overfitting,overfitting
Math_33_Nopol_patch_260042_1.diff,overfitting,correct
Math_81_kPAR_Patch_3744498_630_cp348.diff,overfitting,correct
Math_33_Avatar_Patch_18660532_938.diff,overfitting,overfitting
Chart_11_TBar_Patch_2522058_225_cp174.diff,correct,correct
Math_70_FixMiner_Patch_104934_23.diff,correct,correct
Math_58_dynamoth_patch_97067_7.diff,overfitting,overfitting
Chart_9_Nopol_patch_13381_1.diff,overfitting,correct
Math_50_Avatar_Patch_306792_9.diff,overfitting,correct
Lang_57_FixMiner_Patch_107394_21.diff,overfitting,overfitting
Chart_1_TBar_Patch_21147222_2729_cp1173.diff,overfitting,overfitting
Chart_7_TBar_Patch_8844820_1085_cp787.diff,overfitting,overfitting
Chart_1_TBar_Patch_21320997_2749_cp1183.diff,overfitting,overfitting
Lang_51_TBar_Patch_2980448_353_cp279.diff,overfitting,correct
Closure_62_TBar_Patch_932636_16_cp16.diff,overfitting,correct
Closure_126_dynamoth_patch_68215_1.diff,correct,overfitting
Lang_58_kPAR_Patch_1780577_226_cp158.diff,overfitting,correct
Math_33_Avatar_Patch_18443682_933.diff,overfitting,overfitting
Math_33_kPAR_Patch_4461110_239_cp94.diff,overfitting,correct
Math_62_kPAR_Patch_1281822_146_cp63.diff,overfitting,correct
Closure_62_TBar_Patch_494019_8_cp8.diff,correct,correct
Closure_62_Avatar_Patch_2622255_58.diff,overfitting,correct
Math_75_SimFix_patch_32270_1.diff,correct,correct
Chart_13_TBar_Patch_9122521_1376_cp616.diff,overfitting,correct
Math_85_TBar_Patch_9017293_950_cp710.diff,correct,overfitting
Lang_55_dynamoth_patch_135415_2.diff,correct,correct
Math_80_jMutRepair_patch_285000_442.diff,overfitting,correct
Lang_58_SimFix_patch_29201_2.diff,overfitting,correct
Math_58_dynamoth_patch_120645_9.diff,overfitting,overfitting
Math_30_FixMiner_Patch_618966_113.diff,correct,correct
Closure_126_jGenProg_patch_1668000_2546.diff,correct,overfitting
Closure_21_Avatar_Patch_682558_32.diff,overfitting,overfitting
Lang_58_TBar_Patch_1321724_280_cp127.diff,overfitting,correct
Lang_6_TBar_Patch_13384450_1243_cp683.diff,correct,correct
Lang_33_SimFix_patch_141856_2.diff,correct,correct
Math_85_TBar_Patch_9159968_968_cp728.diff,overfitting,overfitting
Math_49_Nopol_patch_112674_1.diff,overfitting,correct
Lang_58_Nopol_patch_23587_1.diff,overfitting,correct
Lang_58_TBar_Patch_1478868_296_cp143.diff,overfitting,correct
Math_50_kPAR_Patch_2981677_105_cp84.diff,overfitting,correct
Lang_55_dynamoth_patch_135419_4.diff,correct,correct
Closure_126_Nopol_patch_84822_4.diff,overfitting,overfitting
Math_33_dynamoth_patch_4236215_13.diff,overfitting,correct
Lang_55_dynamoth_patch_135425_8.diff,correct,correct
Math_33_kPAR_Patch_4596778_252_cp97.diff,overfitting,overfitting
Math_80_jGenProg_patch_3304000_3404.diff,overfitting,correct
Math_50_kPAR_Patch_1475296_55_cp39.diff,overfitting,overfitting
Math_89_kPAR_Patch_110348_12_cp11.diff,correct,correct
Chart_7_Avatar_Patch_3962648_695.diff,overfitting,overfitting
Chart_25_Avatar_Patch_2253717_418.diff,overfitting,correct
Chart_9_Nopol_patch_15720_3.diff,overfitting,correct
Lang_58_kPAR_Patch_2551426_308_cp228.diff,overfitting,correct
Math_41_dynamoth_patch_1125429_153.diff,overfitting,correct
Math_33_Avatar_Patch_19225749_959.diff,overfitting,overfitting
Lang_10_Avatar_Patch_17677028_2890.diff,overfitting,correct
Math_28_TBar_Patch_9199099_243_cp202.diff,overfitting,overfitting
Math_85_TBar_Patch_10143617_1088_cp848.diff,overfitting,overfitting
Math_6_TBar_Patch_211151_5_cp2.diff,overfitting,correct
Lang_58_kPAR_Patch_2331840_288_cp208.diff,overfitting,correct
Math_33_dynamoth_patch_4236208_11.diff,overfitting,correct
Math_50_Avatar_Patch_138689_4.diff,overfitting,correct
Math_57_TBar_Patch_16107545_238_cp138.diff,overfitting,correct
Chart_1_Avatar_Patch_11516788_1579.diff,overfitting,overfitting
Lang_57_TBar_Patch_189085_37_cp17.diff,correct,overfitting
Math_85_TBar_Patch_9772202_1044_cp804.diff,overfitting,overfitting
Chart_7_TBar_Patch_127496_10_cp10.diff,overfitting,overfitting
Math_50_Nopol_patch_317995_2.diff,overfitting,correct
Math_33_SimFix_patch_189503_1.diff,correct,correct
Math_50_kPAR_Patch_3743257_128_cp107.diff,correct,correct
Lang_10_Avatar_Patch_318206_116.diff,overfitting,correct
Math_50_SimFix_patch_661692_4.diff,overfitting,correct
Math_50_kPAR_Patch_2278532_84_cp63.diff,overfitting,correct
Math_42_Nopol_patch_160907_1.diff,overfitting,overfitting
Math_85_TBar_Patch_10037016_1076_cp836.diff,overfitting,overfitting
Lang_44_Avatar_Patch_258954_81.diff,overfitting,correct
Lang_58_FixMiner_Patch_531793_153.diff,overfitting,correct
Math_33_dynamoth_patch_252141_8.diff,overfitting,correct
Lang_58_FixMiner_Patch_522089_152.diff,overfitting,correct
Closure_62_Avatar_Patch_899469_12.diff,overfitting,correct
Math_57_TBar_Patch_16069683_237_cp137.diff,correct,correct
Lang_58_Avatar_Patch_656254_136.diff,overfitting,correct
Chart_17_Nopol_patch_16724_1.diff,overfitting,correct
Lang_58_TBar_Patch_1361180_284_cp131.diff,overfitting,correct
Math_32_jKali_patch_2000_8.diff,overfitting,overfitting
Math_50_FixMiner_Patch_69669_5.diff,overfitting,overfitting
Math_82_Avatar_Patch_6634640_1354.diff,overfitting,overfitting
Math_41_dynamoth_patch_771199_21.diff,overfitting,correct
Math_85_jMutRepair_patch_80000_99.diff,overfitting,overfitting
Math_80_jKali_patch_91000_53.diff,overfitting,correct
Math_33_Avatar_Patch_18270745_928.diff,overfitting,overfitting
Closure_126_Nopol_patch_65105_1.diff,overfitting,overfitting
Math_33_Avatar_Patch_18050422_916.diff,overfitting,overfitting
Math_33_kPAR_Patch_1174034_85_cp18.diff,overfitting,overfitting
Math_58_dynamoth_patch_97068_8.diff,overfitting,overfitting
Chart_25_dynamoth_patch_16849_1.diff,overfitting,correct
Lang_51_jKali_patch_16409_30.diff,overfitting,correct
Math_62_Avatar_Patch_663421_273.diff,overfitting,correct
Math_80_jMutRepair_patch_240000_394.diff,overfitting,correct
Chart_7_kPAR_Patch_3746722_503_cp259.diff,overfitting,overfitting
Lang_58_kPAR_Patch_2234107_279_cp199.diff,overfitting,correct
Lang_59_TBar_Patch_55338_4_cp4.diff,correct,overfitting
Math_85_TBar_Patch_9396626_998_cp758.diff,overfitting,overfitting
Math_33_dynamoth_patch_4236234_19.diff,overfitting,correct
Math_82_TBar_Patch_13967574_2588_cp1262.diff,overfitting,overfitting
Lang_57_TBar_Patch_198912_38_cp18.diff,correct,overfitting
Chart_15_jGenProg_patch_4062000_14800.diff,overfitting,correct
Lang_59_jGenProg_patch_24000_146.diff,overfitting,overfitting
Math_2_TBar_Patch_6176765_146_cp120.diff,overfitting,correct
Lang_55_dynamoth_patch_135417_3.diff,overfitting,correct
Math_84_jMutRepair_patch_1000_8.diff,overfitting,overfitting
Math_34_FixMiner_Patch_274107_18.diff,correct,correct
Closure_62_TBar_Patch_1659693_34_cp29.diff,overfitting,correct
Lang_51_Avatar_Patch_1411738_147.diff,overfitting,correct
Chart_26_Nopol_patch_56274_1.diff,overfitting,correct
Lang_10_Avatar_Patch_15480007_1950.diff,overfitting,correct
Math_58_dynamoth_patch_127804_11.diff,overfitting,overfitting
Lang_55_dynamoth_patch_135426_9.diff,overfitting,correct
Closure_62_TBar_Patch_768256_13_cp13.diff,overfitting,correct
Lang_43_SimFix_patch_35321_1.diff,correct,correct
Lang_58_kPAR_Patch_3009542_350_cp270.diff,overfitting,correct
Math_50_kPAR_Patch_286068_4_cp4.diff,overfitting,correct
Lang_58_kPAR_Patch_2725681_324_cp244.diff,overfitting,correct
Chart_8_TBar_Patch_23495_1_cp1.diff,correct,correct
Math_80_jKali_patch_68000_49.diff,overfitting,correct
Math_80_jKali_patch_76000_51.diff,overfitting,correct
Math_85_TBar_Patch_9647746_1030_cp790.diff,overfitting,overfitting
Closure_2_TBar_Patch_4086041_109_cp52.diff,correct,correct
Closure_126_dynamoth_patch_78445_3.diff,correct,overfitting
Chart_1_Avatar_Patch_11473047_1577.diff,overfitting,overfitting
Math_80_jKali_patch_441000_559.diff,overfitting,correct
Math_80_Nopol_patch_18401_1.diff,overfitting,correct
Lang_59_jGenProg_patch_1116176_8312.diff,overfitting,overfitting
Math_80_TBar_Patch_10450260_1055_cp703.diff,overfitting,correct
Chart_24_TBar_Patch_83655_103_cp3.diff,correct,overfitting
Chart_7_jGenProg_patch_911000_9130.diff,overfitting,overfitting
Time_7_kPAR_Patch_1598706_221_cp100.diff,correct,overfitting
Closure_86_TBar_Patch_126225_2_cp2.diff,correct,correct
Math_85_FixMiner_Patch_61483_7.diff,overfitting,overfitting
Math_82_Avatar_Patch_6969131_1421.diff,correct,overfitting
Math_50_kPAR_Patch_4014502_136_cp115.diff,overfitting,correct
Math_50_kPAR_Patch_8272369_358_cp241.diff,overfitting,correct
Math_33_Avatar_Patch_20636170_1028.diff,overfitting,overfitting
Closure_48_dynamoth_patch_187176_1.diff,overfitting,correct
Mockito_29_Avatar_Patch_643309_75.diff,overfitting,correct
Chart_1_SimFix_patch_1598853_1.diff,correct,overfitting
Math_80_TBar_Patch_10049039_977_cp660.diff,overfitting,correct
Math_85_FixMiner_Patch_26989598_391.diff,overfitting,overfitting
Math_50_TBar_Patch_232465_13_cp7.diff,overfitting,correct
Lang_58_kPAR_Patch_858059_126_cp74.diff,overfitting,correct
Closure_19_dynamoth_patch_56768_1.diff,overfitting,correct
Math_33_Avatar_Patch_17833553_911.diff,overfitting,overfitting
Math_50_kPAR_Patch_2815490_100_cp79.diff,correct,correct
Closure_126_TBar_Patch_291814_8_cp3.diff,overfitting,overfitting
Math_85_TBar_Patch_9803410_1048_cp808.diff,overfitting,overfitting
Math_33_Avatar_Patch_17614505_906.diff,overfitting,overfitting
Lang_57_kPAR_Patch_91311_7_cp6.diff,overfitting,overfitting
Math_33_Avatar_Patch_18185554_926.diff,overfitting,overfitting
Math_80_TBar_Patch_9947423_963_cp649.diff,overfitting,correct
Lang_10_Avatar_Patch_330822_117.diff,overfitting,correct
Math_8_TBar_Patch_581724_16_cp7.diff,overfitting,overfitting
Lang_58_FixMiner_Patch_7179859_2354.diff,overfitting,correct
Chart_5_kPAR_Patch_1021749_137_cp63.diff,overfitting,overfitting
Math_79_SimFix_patch_1051148_2.diff,overfitting,overfitting
Math_50_SimFix_patch_173292_2.diff,overfitting,correct
Chart_7_kPAR_Patch_2827929_381_cp195.diff,overfitting,overfitting
Math_20_Nopol_patch_274583_1.diff,overfitting,overfitting
Math_79_SimFix_patch_1032079_1.diff,correct,overfitting
Lang_10_Avatar_Patch_15444802_1948.diff,overfitting,correct
Chart_7_TBar_Patch_8728457_1057_cp777.diff,overfitting,overfitting
Chart_9_Nopol_patch_16378_4.diff,overfitting,correct
Math_50_TBar_Patch_288825_15_cp9.diff,overfitting,correct
Closure_126_jKali_patch_54000_21.diff,correct,overfitting
Lang_33_TBar_Patch_290123_48_cp29.diff,overfitting,correct
Closure_62_SimFix_patch_3689113_2.diff,overfitting,correct
Lang_59_jGenProg_patch_880178_6564.diff,overfitting,overfitting
Math_80_TBar_Patch_10077495_983_cp663.diff,overfitting,correct
Lang_58_kPAR_Patch_2244947_280_cp200.diff,overfitting,correct
Math_33_Avatar_Patch_19009329_946.diff,overfitting,overfitting
Math_33_Avatar_Patch_18619035_937.diff,overfitting,overfitting
Math_50_kPAR_Patch_4680079_156_cp135.diff,overfitting,correct
Math_80_TBar_Patch_10020845_971_cp657.diff,overfitting,correct
Math_80_TBar_Patch_10225831_1010_cp679.diff,overfitting,correct
Math_33_Avatar_Patch_21432971_1069.diff,overfitting,overfitting
Chart_7_kPAR_Patch_2674157_367_cp184.diff,overfitting,overfitting
Lang_58_TBar_Patch_1282777_276_cp123.diff,overfitting,correct
Chart_7_kPAR_Patch_3774307_505_cp261.diff,overfitting,overfitting
Chart_7_Avatar_Patch_3976557_696.diff,overfitting,overfitting
Math_50_TBar_Patch_374077_18_cp12.diff,overfitting,overfitting
Math_33_dynamoth_patch_4236229_17.diff,overfitting,correct
Math_53_jGenProg_patch_146000_390.diff,overfitting,correct
Chart_25_Avatar_Patch_2323425_429.diff,overfitting,correct
Math_63_FixMiner_Patch_5542433_3350.diff,overfitting,correct
Math_33_dynamoth_patch_252146_10.diff,overfitting,correct
Math_58_jMutRepair_patch_22000_107.diff,overfitting,overfitting
Math_85_TBar_Patch_9631719_1028_cp788.diff,overfitting,overfitting
Lang_44_kPAR_Patch_550878_53_cp42.diff,overfitting,correct
Math_80_jKali_patch_39000_45.diff,overfitting,correct
Lang_58_kPAR_Patch_2617072_314_cp234.diff,overfitting,correct
Lang_59_jGenProg_patch_338815_2652.diff,overfitting,overfitting
Math_82_TBar_Patch_12384523_2382_cp1069.diff,overfitting,overfitting
Lang_58_kPAR_Patch_2464290_300_cp220.diff,overfitting,correct
Lang_59_Avatar_Patch_49998_12.diff,correct,overfitting
Chart_9_Nopol_patch_17680_6.diff,overfitting,correct
Time_7_Nopol_patch_23883_1.diff,overfitting,overfitting
Math_70_FixMiner_Patch_815149_342.diff,overfitting,correct
Math_33_Avatar_Patch_17044720_892.diff,overfitting,overfitting
Closure_21_dynamoth_patch_61749_1.diff,overfitting,overfitting
Math_30_FixMiner_Patch_546814_111.diff,correct,correct
Math_50_kPAR_Patch_1876857_70_cp51.diff,overfitting,correct
Lang_58_TBar_Patch_1165102_264_cp111.diff,overfitting,correct
Closure_129_dynamoth_patch_80439_1.diff,overfitting,correct
Lang_59_kPAR_Patch_415734_53_cp35.diff,overfitting,overfitting
Lang_55_dynamoth_patch_135428_10.diff,overfitting,correct
Chart_25_Avatar_Patch_766480_91.diff,overfitting,correct
Math_88_jMutRepair_patch_26000_65.diff,overfitting,overfitting
Lang_58_FixMiner_Patch_541591_154.diff,overfitting,correct
Chart_9_Nopol_patch_17000_5.diff,overfitting,correct
Math_50_Nopol_patch_4727394_6.diff,overfitting,overfitting
Math_80_TBar_Patch_10489751_1066_cp707.diff,overfitting,correct
Math_33_dynamoth_patch_252122_2.diff,overfitting,correct
Math_50_jGenProg_patch_4747000_1440.diff,overfitting,correct
Lang_59_jGenProg_patch_1013184_7598.diff,overfitting,overfitting
Lang_58_kPAR_Patch_1682665_217_cp149.diff,overfitting,correct
Lang_58_kPAR_Patch_2507884_304_cp224.diff,overfitting,correct
Chart_1_kPAR_Patch_5270540_841_cp289.diff,overfitting,overfitting
Lang_58_TBar_Patch_1595981_308_cp155.diff,overfitting,correct
Math_33_Avatar_Patch_21389220_1068.diff,overfitting,overfitting
Math_97_dynamoth_patch_209878_1.diff,overfitting,correct
Math_6_SimFix_patch_97949_1.diff,overfitting,correct
Mockito_29_TBar_Patch_926897_102_cp47.diff,overfitting,correct
Math_58_dynamoth_patch_120646_10.diff,overfitting,overfitting
Math_80_TBar_Patch_8355309_710_cp473.diff,overfitting,correct
Lang_58_TBar_Patch_1438977_292_cp139.diff,overfitting,correct
Chart_25_jGenProg_patch_2955000_6070.diff,overfitting,correct
Math_28_TBar_Patch_3898004_114_cp77.diff,overfitting,overfitting
Math_7_Nopol_patch_463165_1.diff,overfitting,overfitting
Math_50_kPAR_Patch_961688_30_cp24.diff,overfitting,overfitting
Closure_46_dynamoth_patch_1209108_2.diff,overfitting,correct
Chart_7_TBar_Patch_8750344_1059_cp779.diff,overfitting,overfitting
Math_82_TBar_Patch_13869510_2576_cp1250.diff,overfitting,overfitting
Math_80_Avatar_Patch_2210114_1043.diff,overfitting,correct
Lang_58_Nopol_patch_25529_2.diff,overfitting,correct
Math_85_SimFix_patch_459031_2.diff,overfitting,overfitting
Math_58_dynamoth_patch_132007_15.diff,overfitting,overfitting
Math_33_dynamoth_patch_252133_5.diff,overfitting,correct
Closure_126_dynamoth_patch_75311_2.diff,overfitting,overfitting
Math_33_Avatar_Patch_18922173_944.diff,overfitting,overfitting
Math_85_TBar_Patch_10084524_1082_cp842.diff,overfitting,overfitting
Math_63_FixMiner_Patch_1730971_286.diff,overfitting,correct
Closure_126_jKali_patch_12000_4.diff,overfitting,overfitting
Math_82_TBar_Patch_12801666_2433_cp1120.diff,overfitting,overfitting
Closure_46_jKali_patch_106000_208.diff,overfitting,correct
Lang_58_TBar_Patch_1399853_288_cp135.diff,overfitting,correct
Mockito_29_TBar_Patch_946442_104_cp48.diff,overfitting,correct
Mockito_29_Avatar_Patch_214053_26.diff,overfitting,correct
Math_58_dynamoth_patch_97065_6.diff,overfitting,overfitting
Closure_21_TBar_Patch_10959362_200_cp179.diff,overfitting,overfitting
Math_95_jGenProg_patch_1713000_3956.diff,overfitting,overfitting
Lang_33_SimFix_patch_75465_1.diff,correct,correct
Lang_59_jGenProg_patch_756179_5652.diff,overfitting,overfitting
Lang_51_Nopol_patch_18720_1.diff,overfitting,correct
Math_50_TBar_Patch_403182_19_cp13.diff,overfitting,overfitting
Math_85_jGenProg_patch_108000_464.diff,overfitting,overfitting
Math_82_TBar_Patch_12886946_2443_cp1130.diff,overfitting,overfitting
Math_33_Avatar_Patch_18748163_940.diff,overfitting,overfitting
Closure_22_TBar_Patch_431420_11_cp6.diff,overfitting,overfitting
Chart_9_Nopol_patch_22560_9.diff,overfitting,correct
Closure_13_jKali_patch_631000_355.diff,overfitting,correct
Lang_57_FixMiner_Patch_118372_22.diff,overfitting,overfitting
Math_58_dynamoth_patch_97056_2.diff,overfitting,overfitting
Math_41_dynamoth_patch_990745_131.diff,overfitting,correct
Closure_46_TBar_Patch_298256_9_cp4.diff,correct,correct
Math_80_jKali_patch_61000_48.diff,overfitting,correct
Lang_59_kPAR_Patch_34030_1_cp1.diff,correct,overfitting
Math_50_SimFix_patch_548232_3.diff,overfitting,correct
Math_80_jKali_patch_54000_47.diff,overfitting,correct
Math_85_TBar_Patch_9041083_953_cp713.diff,overfitting,overfitting
Math_63_TBar_Patch_434086_162_cp28.diff,overfitting,correct
Math_33_dynamoth_patch_4236232_18.diff,overfitting,correct
Math_85_TBar_Patch_9270426_982_cp742.diff,overfitting,overfitting
Closure_126_Avatar_Patch_167299_1.diff,overfitting,overfitting
Math_50_kPAR_Patch_4346946_146_cp125.diff,overfitting,correct
Chart_25_Nopol_patch_28112_1.diff,overfitting,correct
Math_34_TBar_Patch_72268_1_cp1.diff,correct,correct
Closure_62_Nopol_patch_39174_1.diff,overfitting,correct
Math_75_FixMiner_Patch_2367936_1362.diff,correct,correct
Math_33_Avatar_Patch_21651212_1074.diff,overfitting,overfitting
Math_85_FixMiner_Patch_26978292_380.diff,overfitting,overfitting
Math_80_TBar_Patch_10468601_1058_cp705.diff,overfitting,correct
Math_89_TBar_Patch_98798_14_cp12.diff,correct,correct
Math_58_dynamoth_patch_132002_13.diff,overfitting,overfitting
Chart_7_Avatar_Patch_44740_6.diff,overfitting,overfitting
Chart_7_jGenProg_patch_107000_1016.diff,overfitting,overfitting
Lang_58_kPAR_Patch_955726_135_cp83.diff,overfitting,correct
Math_50_kPAR_Patch_3212488_112_cp91.diff,correct,correct
Lang_58_kPAR_Patch_2987696_348_cp268.diff,overfitting,correct
Math_50_kPAR_Patch_1543423_57_cp41.diff,overfitting,overfitting
Math_89_Avatar_Patch_47337_6.diff,correct,correct
Math_96_TBar_Patch_2060798_592_cp261.diff,overfitting,correct
Math_33_dynamoth_patch_252130_4.diff,overfitting,correct
Lang_46_Nopol_patch_17983_1.diff,overfitting,overfitting
Math_82_TBar_Patch_12425558_2387_cp1074.diff,overfitting,overfitting
Math_65_TBar_Patch_1866357_309_cp191.diff,correct,overfitting
Chart_13_jKali_patch_38000_121.diff,overfitting,correct
Math_80_TBar_Patch_10244487_1012_cp681.diff,overfitting,correct
Lang_59_jGenProg_patch_541000_4258.diff,overfitting,overfitting
Mockito_38_TBar_Patch_225053_31_cp12.diff,correct,correct
Math_28_jGenProg_patch_1250000_418.diff,overfitting,overfitting
Lang_55_jKali_patch_117737_22.diff,overfitting,correct
Closure_46_jKali_patch_6000_15.diff,correct,correct
Chart_25_jMutRepair_patch_3000_9.diff,overfitting,correct
Math_82_TBar_Patch_12785376_2431_cp1118.diff,overfitting,overfitting
Lang_59_FixMiner_Patch_243478_103.diff,correct,overfitting
Lang_58_kPAR_Patch_2420958_296_cp216.diff,overfitting,correct
Math_50_Nopol_patch_217308_1.diff,overfitting,correct
Chart_7_kPAR_Patch_2772780_377_cp191.diff,overfitting,overfitting
Math_80_jGenProg_patch_3653000_3640.diff,overfitting,correct
Math_33_dynamoth_patch_252118_1.diff,overfitting,correct
Math_58_dynamoth_patch_127805_12.diff,overfitting,overfitting
Chart_4_FixMiner_Patch_6054119_1613.diff,correct,correct
Lang_51_TBar_Patch_3779318_448_cp354.diff,overfitting,correct
Math_85_jGenProg_patch_5897000_7690.diff,overfitting,overfitting
Math_85_TBar_Patch_9538495_1016_cp776.diff,overfitting,overfitting
Math_85_TBar_Patch_9738327_1040_cp800.diff,overfitting,overfitting
Chart_20_TBar_Patch_8786950_2305_cp765.diff,correct,correct
Math_33_Avatar_Patch_19269874_961.diff,overfitting,overfitting
Lang_58_kPAR_Patch_2856743_336_cp256.diff,overfitting,correct
Lang_58_kPAR_Patch_1595248_209_cp141.diff,overfitting,correct
Mockito_29_TBar_Patch_893152_100_cp45.diff,correct,correct
Math_33_Avatar_Patch_18879243_943.diff,overfitting,overfitting
Math_50_kPAR_Patch_829044_26_cp20.diff,overfitting,overfitting
Closure_57_SimFix_patch_426210_2.diff,overfitting,correct
Closure_13_jGenProg_patch_681000_312.diff,overfitting,correct
Math_50_kPAR_Patch_187039_1_cp1.diff,overfitting,overfitting
Lang_10_Avatar_Patch_16808737_2460.diff,correct,correct
Math_50_kPAR_Patch_4213291_142_cp121.diff,overfitting,correct
Lang_63_kPAR_Patch_7438609_991_cp645.diff,overfitting,correct
Mockito_29_TBar_Patch_622918_79_cp30.diff,overfitting,correct
Math_50_kPAR_Patch_3880373_132_cp111.diff,overfitting,correct
Math_33_Avatar_Patch_19484668_967.diff,overfitting,overfitting
Math_8_TBar_Patch_930853_24_cp12.diff,overfitting,overfitting
Chart_1_TBar_Patch_21302926_2746_cp1182.diff,overfitting,overfitting
Chart_7_jMutRepair_patch_8000_32.diff,overfitting,overfitting
Chart_7_TBar_Patch_38176_2_cp2.diff,overfitting,overfitting
Math_49_Avatar_Patch_61645_15.diff,overfitting,correct
Math_50_kPAR_Patch_353932_6_cp6.diff,overfitting,overfitting
Chart_1_Avatar_Patch_11606570_1586.diff,overfitting,overfitting
Lang_58_kPAR_Patch_1804587_232_cp160.diff,overfitting,correct
Math_50_Avatar_Patch_71866_1.diff,overfitting,overfitting
Chart_1_kPAR_Patch_5369519_847_cp295.diff,overfitting,overfitting
Math_82_Avatar_Patch_7061702_1439.diff,overfitting,overfitting
Chart_25_Avatar_Patch_2363590_455.diff,overfitting,correct
Math_33_Avatar_Patch_18531935_935.diff,overfitting,overfitting
Chart_1_kPAR_Patch_5218733_834_cp286.diff,overfitting,overfitting
Math_95_jGenProg_patch_925000_2552.diff,overfitting,overfitting
Lang_51_kPAR_Patch_2929037_256_cp247.diff,overfitting,correct
Math_11_repairllama-ir4_patch_0.diff,correct,correct
Math_34_repairllama-ir4_patch_1.diff,overfitting,correct
Math_30_repairllama-ir4_patch_4.diff,overfitting,correct
Closure_73_repairllama-ir4_patch_3.diff,overfitting,correct
Chart_13_repairllama-ir4_patch_1.diff,overfitting,correct
Chart_11_repairllama-ir4_patch_6.diff,overfitting,correct
Math_84_repairllama-ir4_patch_3.diff,overfitting,overfitting
Mockito_29_repairllama-ir4_patch_2.diff,overfitting,correct
Math_79_repairllama-ir4_patch_0.diff,correct,overfitting
Chart_13_repairllama-ir4_patch_8.diff,overfitting,correct
Math_59_repairllama-ir4_patch_8.diff,overfitting,correct
Math_85_repairllama-ir4_patch_7.diff,overfitting,overfitting
Chart_1_repairllama-ir4_patch_5.diff,overfitting,overfitting
Chart_9_repairllama-ir4_patch_0.diff,overfitting,correct
Chart_9_repairllama-ir4_patch_1.diff,overfitting,correct
Math_85_repairllama-ir4_patch_3.diff,overfitting,overfitting
Math_85_repairllama-ir4_patch_6.diff,overfitting,overfitting
Closure_62_repairllama-ir4_patch_5.diff,overfitting,correct
Math_59_repairllama-ir4_patch_7.diff,overfitting,correct
Math_30_repairllama-ir4_patch_5.diff,overfitting,correct
Lang_33_repairllama-ir4_patch_9.diff,overfitting,correct
Closure_86_repairllama-ir4_patch_0.diff,overfitting,correct
Math_11_repairllama-ir4_patch_1.diff,overfitting,correct
Chart_7_repairllama-ir4_patch_1.diff,correct,overfitting
Lang_33_repairllama-ir4_patch_5.diff,overfitting,correct
Closure_86_repairllama-ir4_patch_4.diff,overfitting,correct
Chart_4_repairllama-ir4_patch_9.diff,correct,correct
Math_85_repairllama-ir4_patch_5.diff,overfitting,overfitting
Math_50_repairllama-ir4_patch_4.diff,correct,correct
Lang_51_repairllama-ir4_patch_9.diff,overfitting,correct
Math_80_repairllama-ir4_patch_7.diff,overfitting,correct
Lang_51_repairllama-ir4_patch_0.diff,overfitting,correct
Chart_9_repairllama-ir4_patch_4.diff,correct,correct
Chart_1_repairllama-ir4_patch_2.diff,overfitting,overfitting
Chart_1_repairllama-ir4_patch_7.diff,overfitting,overfitting
Lang_33_repairllama-ir4_patch_7.diff,overfitting,correct
Chart_26_repairllama-ir4_patch_8.diff,overfitting,correct
Lang_43_repairllama-ir4_patch_0.diff,correct,correct
Chart_26_repairllama-ir4_patch_0.diff,correct,overfitting
Lang_43_repairllama-ir4_patch_4.diff,overfitting,correct
Lang_58_repairllama-ir4_patch_1.diff,overfitting,correct
Chart_26_repairllama-ir4_patch_4.diff,correct,correct
Chart_8_repairllama-ir4_patch_4.diff,overfitting,correct
Math_41_repairllama-ir4_patch_0.diff,correct,correct
Math_53_repairllama-ir4_patch_7.diff,overfitting,correct
Chart_13_repairllama-ir4_patch_6.diff,overfitting,correct
Lang_33_repairllama-ir4_patch_1.diff,correct,correct
Chart_7_repairllama-ir4_patch_0.diff,correct,overfitting
Chart_7_repairllama-ir4_patch_8.diff,overfitting,overfitting
Chart_4_repairllama-ir4_patch_8.diff,correct,correct
Math_11_repairllama-ir4_patch_9.diff,overfitting,correct
Chart_20_repairllama-ir4_patch_0.diff,correct,correct
Math_50_repairllama-ir4_patch_6.diff,overfitting,correct
Math_58_repairllama-ir4_patch_5.diff,correct,overfitting
Lang_51_repairllama-ir4_patch_2.diff,correct,correct
Closure_13_repairllama-ir4_patch_6.diff,correct,correct
Chart_26_repairllama-ir4_patch_2.diff,correct,overfitting
Math_34_repairllama-ir4_patch_3.diff,overfitting,correct
Lang_10_repairllama-ir4_patch_0.diff,correct,correct
Lang_33_repairllama-ir4_patch_0.diff,overfitting,correct
Math_57_repairllama-ir4_patch_0.diff,correct,correct
Math_50_repairllama-ir4_patch_5.diff,overfitting,correct
Chart_26_repairllama-ir4_patch_3.diff,correct,overfitting
Lang_51_repairllama-ir4_patch_5.diff,overfitting,correct
Chart_8_repairllama-ir4_patch_0.diff,correct,correct
Mockito_38_repairllama-ir4_patch_8.diff,overfitting,correct
Chart_4_repairllama-ir4_patch_2.diff,overfitting,overfitting
Math_95_repairllama-ir4_patch_2.diff,correct,overfitting
Chart_11_repairllama-ir4_patch_0.diff,correct,correct
Closure_73_repairllama-ir4_patch_0.diff,correct,correct
Lang_43_repairllama-ir4_patch_6.diff,correct,correct
Math_85_repairllama-ir4_patch_4.diff,correct,overfitting
Math_101_repairllama-ir4_patch_4.diff,overfitting,correct
Math_79_repairllama-ir4_patch_7.diff,overfitting,overfitting
Math_2_repairllama-ir4_patch_3.diff,correct,correct
Chart_11_repairllama-ir4_patch_8.diff,correct,correct
Closure_13_repairllama-ir4_patch_3.diff,correct,correct
Math_32_repairllama-ir4_patch_2.diff,overfitting,overfitting
Math_28_repairllama-ir4_patch_7.diff,overfitting,overfitting
Math_50_repairllama-ir4_patch_1.diff,overfitting,correct
Math_79_repairllama-ir4_patch_2.diff,overfitting,overfitting
Math_80_repairllama-ir4_patch_0.diff,correct,correct
Math_32_repairllama-ir4_patch_9.diff,overfitting,overfitting
Math_70_repairllama-ir4_patch_8.diff,correct,correct
Chart_13_repairllama-ir4_patch_5.diff,overfitting,correct
Closure_13_repairllama-ir4_patch_0.diff,correct,correct
Chart_1_repairllama-ir4_patch_6.diff,overfitting,overfitting
Math_34_repairllama-ir4_patch_2.diff,overfitting,correct
Time_7_repairllama-ir4_patch_9.diff,overfitting,overfitting
Math_57_repairllama-ir4_patch_5.diff,overfitting,correct
Math_101_repairllama-ir4_patch_2.diff,overfitting,correct
Chart_26_repairllama-ir4_patch_5.diff,correct,correct
Lang_51_repairllama-ir4_patch_3.diff,overfitting,correct
Math_85_repairllama-ir4_patch_0.diff,correct,overfitting
Closure_86_repairllama-ir4_patch_7.diff,overfitting,correct
Math_41_repairllama-ir4_patch_5.diff,correct,correct
Math_101_repairllama-ir4_patch_0.diff,overfitting,correct
Mockito_38_repairllama-ir4_patch_4.diff,correct,correct
Lang_59_repairllama-ir4_patch_6.diff,overfitting,overfitting
Closure_86_repairllama-ir4_patch_8.diff,overfitting,correct
Math_32_repairllama-ir4_patch_5.diff,overfitting,overfitting
Chart_9_repairllama-ir4_patch_7.diff,correct,correct
Chart_4_repairllama-ir4_patch_5.diff,overfitting,correct
Closure_86_repairllama-ir4_patch_1.diff,correct,correct
Lang_43_repairllama-ir4_patch_1.diff,overfitting,correct
Lang_43_repairllama-ir4_patch_5.diff,overfitting,correct
Math_79_repairllama-ir4_patch_8.diff,correct,overfitting
Chart_1_repairllama-ir4_patch_1.diff,overfitting,overfitting
Math_79_repairllama-ir4_patch_3.diff,overfitting,overfitting
Lang_45_repairllama-ir4_patch_9.diff,overfitting,correct
Chart_11_repairllama-ir4_patch_7.diff,correct,correct
Math_11_repairllama-ir4_patch_6.diff,overfitting,correct
Math_11_repairllama-ir4_patch_5.diff,overfitting,correct
Chart_12_repairllama-ir4_patch_0.diff,correct,correct
Math_8_repairllama-ir4_patch_6.diff,correct,overfitting
Lang_45_repairllama-ir4_patch_1.diff,overfitting,correct
Math_59_repairllama-ir4_patch_2.diff,correct,correct
Math_34_repairllama-ir4_patch_0.diff,overfitting,correct
Closure_115_repairllama-ir4_patch_1.diff,correct,overfitting
Closure_86_repairllama-ir4_patch_9.diff,overfitting,correct
Lang_59_repairllama-ir4_patch_2.diff,correct,overfitting
Lang_59_repairllama-ir4_patch_9.diff,overfitting,overfitting
Math_57_repairllama-ir4_patch_1.diff,overfitting,correct
Chart_1_repairllama-ir4_patch_0.diff,correct,overfitting
Chart_26_repairllama-ir4_patch_9.diff,correct,overfitting
Math_30_repairllama-ir4_patch_3.diff,overfitting,correct
Lang_43_repairllama-ir4_patch_9.diff,overfitting,correct
Math_32_repairllama-ir4_patch_7.diff,overfitting,overfitting
Math_41_repairllama-ir4_patch_8.diff,correct,correct
Chart_1_repairllama-ir4_patch_9.diff,overfitting,overfitting
Math_75_repairllama-ir4_patch_2.diff,correct,correct
Math_28_repairllama-ir4_patch_2.diff,overfitting,overfitting
Math_82_repairllama-ir4_patch_0.diff,correct,overfitting
Math_69_repairllama-ir4_patch_8.diff,correct,overfitting
Closure_10_repairllama-ir4_patch_1.diff,correct,correct
Chart_7_repairllama-ir4_patch_2.diff,overfitting,overfitting
Closure_57_repairllama-ir4_patch_1.diff,correct,correct
Chart_1_repairllama-ir4_patch_3.diff,overfitting,overfitting
Time_7_repairllama-ir4_patch_1.diff,overfitting,overfitting
Chart_4_repairllama-ir4_patch_0.diff,correct,correct
Math_57_repairllama-ir4_patch_4.diff,overfitting,overfitting
Chart_12_repairllama-ir4_patch_1.diff,overfitting,correct
Lang_33_repairllama-ir4_patch_8.diff,overfitting,correct
Math_85_repairllama-ir4_patch_9.diff,overfitting,overfitting
Math_70_repairllama-ir4_patch_1.diff,correct,correct
Math_59_repairllama-ir4_patch_1.diff,overfitting,correct
Lang_45_repairllama-ir4_patch_8.diff,overfitting,correct
Lang_33_repairllama-ir4_patch_3.diff,overfitting,correct
Lang_43_repairllama-ir4_patch_2.diff,overfitting,correct
Chart_9_repairllama-ir4_patch_9.diff,correct,correct
Math_95_repairllama-ir4_patch_6.diff,overfitting,correct
Lang_45_repairllama-ir4_patch_4.diff,correct,correct
Math_84_repairllama-ir4_patch_1.diff,overfitting,overfitting
Math_82_repairllama-ir4_patch_5.diff,overfitting,overfitting
Closure_10_repairllama-ir4_patch_8.diff,overfitting,correct
Math_53_repairllama-ir4_patch_3.diff,correct,correct
Chart_13_repairllama-ir4_patch_3.diff,overfitting,correct
Closure_62_repairllama-ir4_patch_0.diff,correct,correct
Closure_86_repairllama-ir4_patch_5.diff,overfitting,correct
Closure_73_repairllama-ir4_patch_5.diff,overfitting,correct
Math_95_repairllama-ir4_patch_3.diff,overfitting,overfitting
Math_30_repairllama-ir4_patch_1.diff,correct,correct
Lang_33_repairllama-ir4_patch_2.diff,overfitting,correct
Lang_33_repairllama-ir4_patch_6.diff,overfitting,correct
Lang_33_repairllama-ir4_patch_4.diff,overfitting,correct
Chart_7_repairllama-ir4_patch_9.diff,correct,overfitting
Mockito_29_repairllama-ir4_patch_4.diff,correct,correct
Math_85_repairllama-ir4_patch_8.diff,overfitting,overfitting
Math_95_repairllama-ir4_patch_7.diff,overfitting,overfitting
